ID,名称,経度,緯度
1498,三谷公民館（指定避難場所）,136.737368,36.596767
1499,三谷小学校（指定避難場所）,136.73595500000002,36.595839
1500,薬師谷公民館（指定避難場所）,136.70866,36.608065
1501,不動寺小学校（指定避難場所）,136.708621,36.608453999999995
1502,柳瀬川つつみ公園（指定避難場所）,136.678448,36.625904
1503,湖陽児童公園（指定避難場所）,136.688192,36.626012
1504,湖陽緑道公園（指定避難場所）,136.68881399999998,36.627243
1505,北部公園（指定避難場所）,136.691389,36.626614000000004
1506,競馬場（指定避難場所）,136.67291799999998,36.635289
1507,金沢向陽高校（指定避難場所）,136.686892,36.624178
1508,湖南公民館（指定避難場所）,136.68608899999998,36.633183
1509,旧上平小学校（指定避難場所）,136.77383899999998,36.627772
1510,旧朝日小学校（指定避難場所）,136.755593,36.622653
1511,花園公民館（指定避難場所）,136.707671,36.633483
1512,花園小学校（指定避難場所）,136.708209,36.632644
1513,森本こどもグラウンド（指定避難場所）,136.696772,36.615213
1514,森本しちょうが丘公園（指定避難場所）,136.69853799999999,36.616339
1515,吉原児童公園（指定避難場所）,136.69253500000002,36.609586
1516,森本市民体育館（指定避難場所）,136.6925,36.615877000000005
1517,森本公民館（指定避難場所）,136.693325,36.616718
1518,金沢北陵高校（指定避難場所）,136.692459,36.607317
1519,森本中学校（指定避難場所）,136.69160300000001,36.615833
1520,森本小学校（指定避難場所）,136.693039,36.622793
1521,医王山公民館（指定避難場所）,136.76195900000002,36.562139
1522,医王山中学校（指定避難場所）,136.75984499999998,36.555637
1523,医王山小学校（指定避難場所）,136.75984499999998,36.555637
1524,戸室スポーツ広場（指定避難場所）,136.73193899999998,36.546368
1525,俵公民館（指定避難場所）,136.725022,36.53441
1526,旧俵小学校（指定避難場所）,136.723683,36.534358000000005
1527,東浅川小学校（指定避難場所）,136.706379,36.51879
1528,太陽が丘詩の木公園（指定避難場所）,136.705779,36.529666
1529,太陽が丘ゆうひみ公園（指定避難場所）,136.70566100000002,36.53333
1530,奥卯辰山健民公園（指定避難場所）,136.696603,36.560421000000005
1531,医王の杜公園（指定避難場所）,136.68773000000002,36.552333000000004
1532,若松八幡さん公園（指定避難場所）,136.688977,36.55748
1533,中瀬栃の木公園（指定避難場所）,136.691572,36.550463
1534,若松せせらぎ公園（指定避難場所）,136.69126,36.554139
1535,浅野川すずかけ公園（指定避難場所）,136.684871,36.555721999999996
1536,若松町第２児童公園（指定避難場所）,136.694182,36.557817
1537,田上中央公園（指定避難場所）,136.6966138,36.54318060000001
1538,旭町中央公園（指定避難場所）,136.6840009,36.553768
1539,旭町なかよし公園（指定避難場所）,136.68133,36.555796
1540,旭町河畔公園（指定避難場所）,136.687929,36.550764
1541,田上児童公園（指定避難場所）,136.69994599999998,36.543026
1542,田上公民館（指定避難場所）,136.69206699999998,36.545415999999996
1543,田上小学校（指定避難場所）,136.692984,36.546169
1544,杜の里小学校（指定避難場所）,136.686323,36.55742
1545,芝原中学校（指定避難場所）,136.753296,36.491809
1546,湯涌小学校（指定避難場所）,136.753296,36.491809
1547,犀清台児童公園（指定避難場所）,136.684472,36.522795
1548,金沢学院大学附属金沢学院高等学校（指定避難場所）,136.69576999999998,36.513878000000005
1549,金沢辰巳丘高校（指定避難場所）,136.69098400000001,36.520514
1550,犀生中学校（指定避難場所）,136.700255,36.514507
1551,駒帰資料保管所（旧駒帰小学校）（指定避難場所）,136.727987,36.483437
1552,犀川小学校（指定避難場所）,136.698041,36.511509999999994
1553,内川スポーツ広場（指定避難場所）,136.686611,36.511779
1554,内川公民館（指定避難場所）,136.67496,36.509824
1555,内川中学校（指定避難場所）,136.676113,36.504466
1556,内川小学校（指定避難場所）,136.676113,36.504466
1557,土清水たかみ公園（指定避難場所）,136.69118600000002,36.525618
1558,土清水なかの公園（指定避難場所）,136.691364,36.528314
1559,土清水みすぎ公園（指定避難場所）,136.690992,36.532135
1560,小立野児童公園（指定避難場所）,136.68293400000002,36.545039
1561,三口新町第３児童公園（指定避難場所）,136.677299,36.543713000000004
1562,三口新町第２児童公園（指定避難場所）,136.68081,36.539731
1563,三口新町第１児童公園（指定避難場所）,136.681193,36.543928
1564,涌波堤公園（指定避難場所）,136.68878600000002,36.533258000000004
1565,城東市民体育館（指定避難場所）,136.69126699999998,36.524789
1566,南小立野小学校（指定避難場所）,136.681246,36.537231
1567,笠舞第３児童公園（指定避難場所）,136.67541,36.547852
1568,崎浦公民館（指定避難場所）,136.680462,36.546794
1569,小立野公民館（指定避難場所）,136.679032,36.550971000000004
1570,金沢美術工芸大学（指定避難場所）,136.67731,36.556157
1571,北陸学院高校（指定避難場所）,136.66716200000002,36.559441
1572,金沢商業高校（指定避難場所）,136.679398,36.553168
1573,紫錦台中学校（指定避難場所）,136.668857,36.558062
1574,小立野小学校（指定避難場所）,136.678696,36.551538
1575,大野町公民館（指定避難場所）,136.602882,36.610865000000004
1576,大野町小学校（指定避難場所）,136.60336,36.610354
1577,金石銭五公園（指定避難場所）,136.597032,36.607683
1578,松寿荘（指定避難場所）,136.59951,36.607993
1579,金石町公民館（指定避難場所）,136.594367,36.604305
1580,金石中学校（指定避難場所）,136.597081,36.600186
1583,無量寺公園（指定避難場所）,136.60823200000002,36.605055
1584,城西市民体育館（指定避難場所）,136.60301299999998,36.598011
1585,大徳公民館（指定避難場所）,136.609935,36.59234
1586,大徳中学校（指定避難場所）,136.60738,36.590407
1587,木曳野小学校（指定避難場所）,136.60386599999998,36.597811
1588,藤江北中央公園（指定避難場所）,136.62216999999998,36.589565
1589,藤江北やすらぎ公園（指定避難場所）,136.620074,36.59193
1590,松村第２公園（指定避難場所）,136.614206,36.585716
1591,畝田町児童公園（指定避難場所）,136.614059,36.595333000000004
1592,金沢西高校（指定避難場所）,136.617904,36.596728000000006
1593,市立工業高校（指定避難場所）,136.615654,36.592484000000006
1594,大徳小学校（指定避難場所）,136.610027,36.591196000000004
1595,上安原中央公園（指定避難場所）,136.59056,36.565349
1596,福増ゆめ公園（指定避難場所）,136.581049,36.561201000000004
1597,福増あじさい公園（指定避難場所）,136.582122,36.562891
1598,打木町くろまつ公園（指定避難場所）,136.569794,36.568203000000004
1599,打木町東児童公園（指定避難場所）,136.572498,36.569134000000005
1600,みどり第２児童公園（指定避難場所）,136.590725,36.568763
1601,みどり庭園公園（指定避難場所）,136.584028,36.567409999999995
1602,みどり中央公園（指定避難場所）,136.57708300000002,36.565756
1603,安原中央公園（指定避難場所）,136.57737590000002,36.563579100000005
1604,安原スポーツ広場（指定避難場所）,136.573433,36.570058
1605,安原公民館（指定避難場所）,136.580432,36.567884
1606,尾山台高校（指定避難場所）,136.586286,36.566390000000006
1607,緑中学校（指定避難場所）,136.58411999999998,36.570381
1608,安原小学校（指定避難場所）,136.579822,36.567112
1609,加賀友禅染色団地公園（指定避難場所）,136.58664,36.582953
1610,専光寺五本松公園（指定避難場所）,136.58058400000002,36.582138
1611,西部緑地公園（指定避難場所）,136.601568,36.573749
1612,松島町西公園（指定避難場所）,136.601472,36.566532
1613,古府徳代公園（指定避難場所）,136.609579,36.566568
1614,古府中央公園（指定避難場所）,136.6075697,36.571034399999995
1615,松島町中央公園（指定避難場所）,136.602021,36.564236
1616,健民海浜公園（指定避難場所）,136.58551699999998,36.591793
1617,市専光寺ソフトボール場（指定避難場所）,136.578959,36.586255
1618,二塚公民館（指定避難場所）,136.597176,36.572778
1619,緑小学校（指定避難場所）,136.590808,36.570126
1620,西念町第２公園（指定避難場所）,136.64143,36.58701
1621,西念町児童公園（指定避難場所）,136.636765,36.587377000000004
1622,南新保第２児童公園（指定避難場所）,136.639324,36.594632
1623,姉妹都市公園（指定避難場所）,136.635274,36.591726
1624,西公民館（指定避難場所）,136.64058300000002,36.586902
1625,西小学校（指定避難場所）,136.636825,36.592415
1626,西都ゆめみどり公園（指定避難場所）,136.626399,36.589968
1627,駅西第４児童公園（指定避難場所）,136.636102,36.582966
1628,桜田中央公園（指定避難場所）,136.619947,36.579271000000006
1629,北町児童公園（指定避難場所）,136.62657099999998,36.585438
1630,出雲中央公園（指定避難場所）,136.624938,36.576334
1631,桜田南児童公園（指定避難場所）,136.621327,36.576797
1632,大豆田公園（指定避難場所）,136.6329,36.572884
1633,示野中青島公園（指定避難場所）,136.615787,36.575588
1634,示野中中央公園（指定避難場所）,136.617205,36.577936
1635,若宮中央公園（指定避難場所）,136.631024,36.575191
1636,示野町児童公園（指定避難場所）,136.607222,36.581476
1637,戸板公民館（指定避難場所）,136.633686,36.579384000000005
1638,長田中学校（指定避難場所）,136.629128,36.585147
1639,戸板小学校（指定避難場所）,136.622468,36.579152
1640,長田２丁目ひまわり公園（指定避難場所）,136.640104,36.574896
1641,駅西第３児童公園（指定避難場所）,136.63988500000002,36.579937
1642,駅西中央公園（指定避難場所）,136.643596,36.582526
1643,駅西第１児童公園（指定避難場所）,136.643258,36.5785
1644,長田町公民館（指定避難場所）,136.642986,36.575882
1645,長田町小学校（指定避難場所）,136.6421,36.575357000000004
1646,額新町２丁目緑地（指定避難場所）,136.619926,36.516304999999996
1647,額新町１丁目緑地（指定避難場所）,136.621827,36.520146999999994
1648,光が丘１丁目児童公園（指定避難場所）,136.625748,36.520842
1649,高尾南ゆうあい公園（指定避難場所）,136.631023,36.517403
1650,馬替児童公園（指定避難場所）,136.622416,36.523454
1651,城谷公園（指定避難場所）,136.62716,36.523252
1652,高尾第３児童公園（指定避難場所）,136.634331,36.515184000000005
1653,あすなろ公園（指定避難場所）,136.62016,36.518064
1654,額新町第３児童公園（指定避難場所）,136.620497,36.517314
1655,額新町第２公園（指定避難場所）,136.623684,36.519052
1656,扇台公民館（指定避難場所）,136.624092,36.522124
1657,扇台小学校（指定避難場所）,136.625436,36.522923999999996
1658,三十苅児童公園（指定避難場所）,136.618889,36.508122
1659,三十苅中央公園（指定避難場所）,136.615425,36.507494
1660,中四十万児童公園（指定避難場所）,136.621049,36.499874
1661,四十万あいぞめ公園（指定避難場所）,136.619473,36.497822
1662,四十万中央公園（指定避難場所）,136.618292,36.503516999999995
1663,四十万小学校（指定避難場所）,136.617579,36.502931
1664,額谷運動広場（指定避難場所）,136.628877,36.509208
1665,光が丘３丁目児童公園（指定避難場所）,136.627364,36.513079
1666,額谷第１児童公園（指定避難場所）,136.626285,36.508592
1667,額乙丸児童公園（指定避難場所）,136.618903,36.508174
1668,大額２丁目公園（指定避難場所）,136.62407,36.516795
1669,大額１丁目公園（指定避難場所）,136.61855,36.514143
1670,額せせらぎ公園（指定避難場所）,136.624969,36.512077000000005
1671,額谷ふれあい公園（指定避難場所）,136.62946399999998,36.509064
1672,額新保中央公園（指定避難場所）,136.616272,36.516312
1673,光が丘中央公園（指定避難場所）,136.627942,36.516282000000004
1674,鶴寿園（指定避難場所）,136.629528,36.509803000000005
1675,額谷ふれあい体育館（指定避難場所）,136.62993600000001,36.509409000000005
1676,額公民館（指定避難場所）,136.624167,36.510864
1677,額中学校（指定避難場所）,136.62332,36.511353
1678,額小学校（指定避難場所）,136.62186699999998,36.510489
1679,的場公園（指定避難場所）,136.636471,36.522193
1680,横川日吉児童公園（指定避難場所）,136.623059,36.535323999999996
1681,三馬第４児童公園（指定避難場所）,136.630608,36.527494
1682,三馬第３児童公園（指定避難場所）,136.634777,36.526643
1683,三馬第２児童公園（指定避難場所）,136.631215,36.525164000000004
1684,窪錦丘公園（指定避難場所）,136.63915,36.5307
1685,三馬第１児童公園（指定避難場所）,136.632137,36.528494
1686,久安殿屋敷公園（指定避難場所）,136.630668,36.533471999999996
1687,久安伏見公園（指定避難場所）,136.632321,36.532901
1688,円光寺第２公園（指定避難場所）,136.63499199999998,36.531723
1689,窪伏見台公園（指定避難場所）,136.639652,36.52689
1690,高尾中央公園（指定避難場所）,136.630392,36.521395
1691,伏見台公民館（指定避難場所）,136.638018,36.525937
1692,高尾台中学校（指定避難場所）,136.634261,36.522918
1693,伏見台小学校（指定避難場所）,136.637924,36.526893
1694,大乗寺丘陵公園（指定避難場所）,136.655537,36.530351
1695,寺地なかよし公園（指定避難場所）,136.63797399999999,36.533417
1696,寺地みんなの広場（指定避難場所）,136.644028,36.535459
1697,寺地いなほ公園（指定避難場所）,136.635598,36.536928
1698,金沢南総合運動公園（指定避難場所）,136.642686,36.538962
1699,富樫公民館（指定避難場所）,136.64725900000002,36.528432
1700,金沢錦丘高校・中学校（指定避難場所）,136.641693,36.530401
1701,富樫小学校（指定避難場所）,136.645712,36.529476
1702,米泉公民館（指定避難場所）,136.62651,36.550525
1703,金沢伏見高校（指定避難場所）,136.62788500000002,36.549371
1704,米泉小学校（指定避難場所）,136.627927,36.545563
1705,清泉公園（指定避難場所）,136.636007,36.546881
1706,横川児童公園（指定避難場所）,136.630229,36.539209
1707,有松たつあがり公園（指定避難場所）,136.64035900000002,36.540828999999995
1708,有松児童遊園（指定避難場所）,136.636787,36.54038
1709,三馬公民館（指定避難場所）,136.63456000000002,36.542116
1710,金沢高校（指定避難場所）,136.63521,36.550414
1711,清泉中学校（指定避難場所）,136.63624,36.547902
1712,三馬小学校（指定避難場所）,136.633621,36.543585
1713,いなほふれあい公園（指定避難場所）,136.582702,36.552509
1714,神野東公園（指定避難場所）,136.60016000000002,36.56388
1715,上荒屋１丁目くすのき公園（指定避難場所）,136.592041,36.547743
1716,矢木第１児童公園（指定避難場所）,136.59338400000001,36.560285
1717,上荒屋もくれん公園（指定避難場所）,136.588716,36.553290000000004
1718,上荒屋にれの木公園（指定避難場所）,136.589365,36.557403
1719,上荒屋つばき公園（指定避難場所）,136.58992800000001,36.550429
1720,三和公民館（指定避難場所）,136.593355,36.553753
1721,三和小学校（指定避難場所）,136.596713,36.557878
1722,八日市出町ふるみや公園（指定避難場所）,136.608354,36.552779
1723,古府町第１児童公園（指定避難場所）,136.610672,36.559692
1724,西金児童公園（指定避難場所）,136.615508,36.554066999999996
1725,チカモリ遺跡公園（指定避難場所）,136.604784,36.556092
1726,西部中央公園（指定避難場所）,136.615923,36.557194
1727,新保本町中央公園（指定避難場所）,136.60216499999999,36.55203
1728,新保本町ふれあい公園（指定避難場所）,136.602898,36.558811
1729,市西金沢テニスコート（指定避難場所）,136.611535,36.554588
1730,西南部公民館（指定避難場所）,136.61219499999999,36.554784000000005
1731,西南部中学校（指定避難場所）,136.606179,36.552698
1732,西南部小学校（指定避難場所）,136.60836799999998,36.555475
1733,八日市住吉中央公園（指定避難場所）,136.608472,36.543696000000004
1734,八日市ケヤキ児童公園（指定避難場所）,136.60988,36.550737
1735,八日市ｱﾒﾘｶﾌｳ児童公園（指定避難場所）,136.609928,36.547854
1736,押野松の木公園（指定避難場所）,136.613868,36.548014
1737,押野公民館（指定避難場所）,136.60859,36.546093
1738,押野小学校（指定避難場所）,136.609396,36.54594
1739,糸田第２児童公園（指定避難場所）,136.622957,36.559243
1740,入江第１児童公園（指定避難場所）,136.6268568,36.5662823
1741,神田交通公園（指定避難場所）,136.6306624,36.5609386
1742,新神田公民館（指定避難場所）,136.635623,36.563997
1743,高岡中学校（指定避難場所）,136.636217,36.565461
1744,新神田小学校（指定避難場所）,136.634937,36.565363
1745,保古東公園（指定避難場所）,136.621426,36.558292
1746,高畠第２児童公園（指定避難場所）,136.612868,36.570837
1747,米丸中央公園（指定避難場所）,136.616522,36.570389
1748,伏見川中央公園（指定避難場所）,136.61827,36.563133
1749,黒田児童公園（指定避難場所）,136.61564099999998,36.561367
1750,玉鉾公園（指定避難場所）,136.622633,36.573570000000004
1751,あすなろの森（指定避難場所）,136.623852,36.562847
1752,西部市民体育会館（指定避難場所）,136.619833,36.562934999999996
1753,西部市民憩いの家（指定避難場所）,136.619252,36.563213
1754,米丸公民館（指定避難場所）,136.618266,36.565138
1755,米丸小学校（指定避難場所）,136.619971,36.565682
1756,こなん水辺公園（指定避難場所）,136.66425,36.632568
1757,瑞樹西公園（指定避難場所）,136.66674,36.622979
1758,湊２丁目水鳥公園（指定避難場所）,136.64781299999999,36.636224
1759,みなと新婚の森（指定避難場所）,136.64828400000002,36.634368
1760,瑞樹中央公園（指定避難場所）,136.671946,36.62187
1761,湊１丁目公園（指定避難場所）,136.65753,36.640035
1762,木越運動公園（指定避難場所）,136.66661069999998,36.6179206
1763,木越中央公園（指定避難場所）,136.667181,36.619572
1764,大浦公民館（指定避難場所）,136.650469,36.625894
1765,大浦小学校（指定避難場所）,136.653287,36.623281
1766,松寺中央公園（指定避難場所）,136.651757,36.602376
1767,城北市民運動公園（指定避難場所）,136.657704,36.597474
1768,城北市民テニスコート（指定避難場所）,136.65612099999998,36.601582
1769,松寺公民館（指定避難場所）,136.65195400000002,36.603896999999996
1770,木谷公園（指定避難場所）,136.631218,36.625254999999996
1771,粟崎町４丁目児童公園（指定避難場所）,136.621717,36.634055
1772,粟崎第１公園（指定避難場所）,136.621164,36.626639000000004
1773,粟崎中央公園（指定避難場所）,136.626171,36.630502
1774,粟崎公民館（指定避難場所）,136.62788500000002,36.625577
1775,粟崎小学校（指定避難場所）,136.624622,36.621217
1776,ものづくり会館（指定避難場所）,136.620258,36.62846
1777,湊３丁目公園（指定避難場所）,136.63603899999998,36.624846000000005
1778,大友なぎさ公園（指定避難場所）,136.626494,36.599695000000004
1779,鞍月磯のひろば公園（指定避難場所）,136.621956,36.597262
1780,鞍月広場（指定避難場所）,136.62082900000001,36.599175
1781,戸水船のひろば公園（指定避難場所）,136.620425,36.603303000000004
1782,直江北公園（指定避難場所）,136.633777,36.615479
1783,戸水公園（指定避難場所）,136.62383,36.608193
1784,鞍月中央公園（指定避難場所）,136.634596,36.610771
1785,鞍月公民館（指定避難場所）,136.632932,36.602961
1786,港中学校（指定避難場所）,136.628083,36.609821000000004
1787,鞍月小学校（指定避難場所）,136.632494,36.601836
1788,北間町公園（指定避難場所）,136.634587,36.622492
1789,三口町第１児童公園（指定避難場所）,136.63983100000002,36.608018
1790,湊運動公園（指定避難場所）,136.646503,36.633507
1791,北間町西公園（指定避難場所）,136.638097,36.621208
1792,湊２丁目釣公園（指定避難場所）,136.647018,36.635298
1793,弓取町児童公園（指定避難場所）,136.64011010000002,36.6113155
1794,浅野川市民体育館（指定避難場所）,136.63988500000002,36.61484
1795,浅野川公民館（指定避難場所）,136.639571,36.615365000000004
1796,浅野川小学校（指定避難場所）,136.641726,36.621053
1797,諸江町下丁ふれあい公園（指定避難場所）,136.646875,36.600458
1798,北安江２丁目公園（指定避難場所）,136.649381,36.586214
1799,割出町公園（指定避難場所）,136.6399,36.602511
1800,駅西第２児童公園（指定避難場所）,136.64668899999998,36.585532
1801,問屋町緑地（指定避難場所）,136.638293,36.606132
1802,問屋児童公園（指定避難場所）,136.63916799999998,36.607690000000005
1804,諸江児童公園（指定避難場所）,136.64207,36.593025
1805,諸江公民館（指定避難場所）,136.641505,36.590668
1806,浅野川中学校（指定避難場所）,136.649032,36.602628
1807,諸江町小学校（指定避難場所）,136.64793,36.588649
1809,御所さくら公園（指定避難場所）,136.69662399999999,36.580552000000004
1810,御所ひがし公園（指定避難場所）,136.700178,36.58115
1811,御所にし公園（指定避難場所）,136.697383,36.581895
1812,御所かつら公園（指定避難場所）,136.69236,36.580801
1813,山王町第４児童公園（指定避難場所）,136.70441100000002,36.573446999999994
1814,山王町第２児童公園（指定避難場所）,136.696755,36.575971
1815,千寿閣（指定避難場所）,136.689192,36.56763
1816,夕日寺公民館（指定避難場所）,136.705605,36.572715
1817,夕日寺小学校（指定避難場所）,136.692366,36.577568
1818,法光寺運動広場（指定避難場所）,136.68485,36.601805
1819,福久南ほたる公園（指定避難場所）,136.678925,36.611343
1820,福久中央公園（指定避難場所）,136.679416,36.617294
1821,福久かねと公園（指定避難場所）,136.68196,36.619381
1822,横枕はすの里公園（指定避難場所）,136.67748500000002,36.607027
1823,福久わんぱく公園（指定避難場所）,136.678642,36.614216
1824,荒屋八幡公園（指定避難場所）,136.685192,36.616188
1825,法光寺ふれあい公園（指定避難場所）,136.681898,36.604622
1826,疋田中央公園（指定避難場所）,136.6733,36.602014000000004
1827,東インター公園（指定避難場所）,136.672979,36.604718
1828,千坂公民館（指定避難場所）,136.674127,36.605795
1829,千坂小学校（指定避難場所）,136.674977,36.605736
1830,城北中央公園（指定避難場所）,136.67382,36.589787
1831,小坂白蓮公園（指定避難場所）,136.6793,36.585826000000004
1832,神宮寺運動公園（指定避難場所）,136.666449,36.586651
1833,神宮寺桜児童公園（指定避難場所）,136.668063,36.587652
1834,神谷内児童公園（指定避難場所）,136.689123,36.598692
1835,東金沢スポーツ広場（指定避難場所）,136.670766,36.593807
1836,小坂公民館（指定避難場所）,136.67568899999998,36.593443
1837,星稜高校（指定避難場所）,136.682477,36.585023
1838,北鳴中学校（指定避難場所）,136.676222,36.595254
1839,小坂小学校（指定避難場所）,136.677683,36.590108
1840,卯辰山公園（指定避難場所）,136.678474,36.572921
1841,鳴和台市民公園（指定避難場所）,136.67996599999998,36.576989000000005
1842,鳴和台桜丘公園（指定避難場所）,136.678962,36.580878000000006
1843,鳴和憩いの広場（指定避難場所）,136.67813700000002,36.580151
1844,小金町公園（指定避難場所）,136.671175,36.58316
1845,鳴和台市民体育会館（指定避難場所）,136.67916100000002,36.577040000000004
1846,城北市民体育館（指定避難場所）,136.669875,36.587540999999995
1847,森山公民館（指定避難場所）,136.669017,36.579398
1848,金沢桜丘高校（指定避難場所）,136.678233,36.584311
1849,鳴和中学校（指定避難場所）,136.67138899999998,36.586661
1850,森山町小学校（指定避難場所）,136.667576,36.578565000000005
1851,元町第３児童公園（指定避難場所）,136.663207,36.580615
1852,浅野本町第３児童公園（指定避難場所）,136.657693,36.584590000000006
1853,浅野本町第２児童公園（指定避難場所）,136.660849,36.584284999999994
1854,浅野町公民館（指定避難場所）,136.665312,36.586739
1855,浅野町小学校（指定避難場所）,136.658818,36.581731
1857,子来町さくら公園（指定避難場所）,136.671863,36.572069
1858,子来町緑地（指定避難場所）,136.669258,36.57266
1860,馬場公民館（指定避難場所）,136.665101,36.574477
1861,馬場小学校（指定避難場所）,136.66548999999998,36.574663
1862,瓢箪町公民館（指定避難場所）,136.657413,36.575801
1863,明成小学校（指定避難場所）,136.657166,36.576904
1864,堀川新町公園（指定避難場所）,136.65098400000002,36.580991
1865,此花町緑地（指定避難場所）,136.652298,36.577417
1866,此花公民館（指定避難場所）,136.65195500000002,36.577193
1867,神保緑地（指定避難場所）,136.642132,36.569904
1868,穴水町児童公園（指定避難場所）,136.648156,36.568944
1869,玉川公園（指定避難場所）,136.650909,36.569072
1870,玉川苑（指定避難場所）,136.65003000000002,36.571996
1871,芳斎公民館（指定避難場所）,136.64985,36.572038
1872,中央小学校芳斎分校（指定避難場所）,136.649105,36.572524
1874,大和町防災拠点広場（指定避難場所）,136.639241,36.570143
1875,中央市民体育館（指定避難場所）,136.645581,36.566611
1876,長土塀公民館（指定避難場所）,136.64588600000002,36.567145000000004
1877,金沢城公園（指定避難場所）,136.660637,36.565847
1878,松ヶ枝緑地（指定避難場所）,136.652921,36.56947
1879,松ヶ枝公民館（指定避難場所）,136.652844,36.569885
1880,長町緑地（指定避難場所）,136.649927,36.562791
1881,中央公民館長町館（指定避難場所）,136.650153,36.563153
1882,長町公民館（指定避難場所）,136.649214,36.563425
1883,中央小学校（指定避難場所）,136.650725,36.567183
1885,天神町緑地（指定避難場所）,136.674404,36.560204
1886,天神しらうめ公園（指定避難場所）,136.67731,36.558391
1887,田井町第１児童公園（指定避難場所）,136.679226,36.560525
1888,味噌蔵町公民館（指定避難場所）,136.665274,36.56648
1889,兼六中学校（指定避難場所）,136.68026799999998,36.559645
1890,小将町中学校（指定避難場所）,136.66468500000002,36.564375
1891,兼六小学校（指定避難場所）,136.66600400000002,36.565889
1892,常盤町緑地（指定避難場所）,136.673498,36.567463000000004
1893,睦が丘公園（指定避難場所）,136.689744,36.563860999999996
1894,郡家山公園（指定避難場所）,136.685814,36.559838
1895,鈴見しょうぶ公園（指定避難場所）,136.683827,36.559712
1896,鈴見児童公園（指定避難場所）,136.686821,36.562065999999994
1897,鈴見台第２児童公園（指定避難場所）,136.68438500000002,36.56394
1899,材木公民館（指定避難場所）,136.667532,36.566961
1900,旧材木町小学校（指定避難場所）,136.667968,36.567316
1902,菊川町公民館（指定避難場所）,136.659961,36.551373999999996
1903,城南中学校（指定避難場所）,136.674374,36.543675
1904,菊川町小学校（指定避難場所）,136.661597,36.550315999999995
1906,いしかわ四高記念公園（指定避難場所）,136.655549,36.563252
1907,本多の森公園（指定避難場所）,136.66223300000001,36.559332
1908,本多公園（指定避難場所）,136.660748,36.559134
1909,新竪町公民館（指定避難場所）,136.65686100000002,36.555979
1910,遊学館高校（指定避難場所）,136.66071000000002,36.555479
1911,県立工業高校（指定避難場所）,136.662596,36.556175
1912,新竪町小学校（指定避難場所）,136.656858,36.555707
1914,泉野出町第３児童公園（指定避難場所）,136.652227,36.535715
1915,平和町第１児童公園（指定避難場所）,136.66218,36.538973
1916,長坂台児童公園（指定避難場所）,136.652649,36.532431
1917,長坂みはらし公園（指定避難場所）,136.656258,36.535173
1918,金沢大学人間社会学域学校教育学類附属高等学校（指定避難場所）,136.664171,36.538934999999995
1919,金沢大学人間社会学域学校教育学類附属中学校（指定避難場所）,136.665458,36.537978
1920,金沢大学人間社会学域学校教育学類附属小学校（指定避難場所）,136.665919,36.536875
1921,長坂台小学校（指定避難場所）,136.65751699999998,36.535006
1922,泉野出町第２児童公園（指定避難場所）,136.656056,36.539398
1923,泉野出町第１公園（指定避難場所）,136.650923,36.53754
1924,城南市民体育館（指定避難場所）,136.656708,36.544314
1925,市総合体育館（指定避難場所）,136.650051,36.539911
1926,金沢二水高校（指定避難場所）,136.65838300000001,36.541333
1927,金沢泉丘高校（指定避難場所）,136.649015,36.538653000000004
1928,泉野小学校（指定避難場所）,136.654245,36.542714000000004
1930,西大桑町児童公園（指定避難場所）,136.671072,36.54017
1931,平和町公園（指定避難場所）,136.665359,36.541144
1932,つつじが丘児童公園（指定避難場所）,136.679069,36.527427
1933,万寿苑（指定避難場所）,136.67701,36.525252
1934,城南公民館（指定避難場所）,136.661158,36.541761
1935,野田中学校（指定避難場所）,136.657636,36.544247
1936,十一屋小学校（指定避難場所）,136.660911,36.545327
1937,白菊町緑地（指定避難場所）,136.646507,36.560004
1938,神田町児童公園（指定避難場所）,136.63728799999998,36.56227
1939,神泉児童公園（指定避難場所）,136.63529599999998,36.559501000000004
1940,中村町児童公園（指定避難場所）,136.644077,36.56135
1941,中村町公民館（指定避難場所）,136.641945,36.559467
1942,中村町小学校（指定避難場所）,136.64205900000002,36.560983
1943,泉が丘おあしす広場（指定避難場所）,136.6487,36.543945
1944,弥生さくら公園（指定避難場所）,136.644205,36.549087
1945,弥生公民館（指定避難場所）,136.644678,36.549385
1946,泉中学校（指定避難場所）,136.645262,36.549168
1948,野町公民館（指定避難場所）,136.64740600000002,36.553143
1949,金沢中央高校（指定避難場所）,136.639015,36.554034
1950,泉小学校（指定避難場所）,136.645589,36.548845
1951,長土塀交流館（指定避難場所）,136.64588600000002,36.567227
1952,いしかわ子ども交流センター（指定避難場所）,136.66360500000002,36.545958
1953,諸江町上丁ゆうあい公園（指定避難場所）,136.648023,36.594143
1955,田上さくらぶち公園（指定避難場所）,136.689941,36.542182000000004
1956,田上郷公園（指定避難場所）,136.693975,36.544294
1957,田上本町高嶋公園（指定避難場所）,136.696694,36.5378
1958,金沢工業大学天池自然学苑体育館（指定避難場所）,136.695739,36.50285
1959,四十万きずな広場（指定避難場所）,136.62373,36.507023
1960,田上桜の道公園（指定避難場所）,136.688669,36.548083
1961,金沢学院大学（指定避難場所）,136.6965,36.516559
1962,北陸学院大学（指定避難場所）,136.67056000000002,36.518109
1963,北陸学院小学校（指定避難場所）,136.67191200000002,36.517936
1964,金沢星稜大学（指定避難場所）,136.682691,36.583409
1965,北陸大学（指定避難場所）,136.70751,36.525431
1966,金沢大学角間キャンパス（指定避難場所）,136.709877,36.548753999999995
1967,金沢大学鶴間キャンパス（指定避難場所）,136.675021,36.556565
1968,三池はすの里公園（指定避難場所）,136.668946,36.597369
1969,三池はすのみ公園（指定避難場所）,136.672851,36.596241
1970,戸板東公園（指定避難場所）,136.625798,36.581226
2017,金沢海みらい図書館（指定避難場所）,136.60429399999998,36.594339
2018,石川県青少年総合研修センター（指定避難場所）,136.67643700000002,36.565531
2020,金市やすらぎ公園（指定避難場所）,136.681548,36.610634999999995
2021,千木日吉の森公園（指定避難場所）,136.667437,36.611059999999995
2022,鞍月セントラルパーク（指定避難場所）,136.624768,36.592494
2023,いしかわ総合スポーツセンター（指定避難場所）,136.59841799999998,36.579184000000005
2025,産王の杜公園（指定避難場所）,136.586026,36.562468
2026,八洲原公園（指定避難場所）,136.586547,36.562975
2027,きびきの中央公園（指定避難場所）,136.604458,36.601788
2028,松村あおぞら公園（指定避難場所）,136.61559499999998,36.582190000000004
2029,無量寺ベイパーク（指定避難場所）,136.613127,36.599833000000004
2030,無量寺うみかぜ公園（指定避難場所）,136.615112,36.602408000000004
2031,大野湊緑地公園（指定避難場所）,136.597061,36.596278999999996
2032,笠舞第２児童公園（指定避難場所）,136.673237,36.549485
2033,大桑かやのした公園（指定避難場所）,136.677447,36.535719
2035,金石町小学校（指定避難場所）,136.598879,36.608755
2036,キゴ山ふれあい研修センターこども交流棟（指定避難場所）,136.743048,36.517878
2037,キゴ山ふれあい研修センター青少年交流棟（指定避難場所）,136.746017,36.523720000000004
2038,金沢勤労者プラザ（指定避難場所）,136.646472,36.583216
2039,田上本町馬場公園（指定避難場所）,136.698963,36.532068
2040,田上本町朝霧公園（指定避難場所）,136.6934,36.534585
2335,女性センター（指定避難場所）,136.64541200000002,36.570622
2337,示野公園（指定避難場所）,136.60983000000002,36.581375
2339,戸板公園（指定避難場所）,136.622586,36.581625
2824,犀川公民館（指定避難場所）,136.68807900000002,36.516912
2825,米丸交流広場（指定避難場所）,136.61827399999999,36.562277
2826,近江町いちば館（指定避難場所）,136.655916,36.571474
2827,金沢工業高等専門学校（指定避難場所）,136.629426,36.532653
2828,河原市町みずほ中央公園（指定避難場所）,136.708135,36.605257
2829,大桑防災拠点広場（指定避難場所）,136.676468,36.536341
2830,野田東公園（指定避難場所）,136.669494,36.535470000000004
2831,野田西公園（指定避難場所）,136.66339399999998,36.533709
2832,太陽が丘しいの木公園（指定避難場所）,136.708065,36.53441
3185,東金沢駅前かがやき公園（指定避難場所）,136.67105800000002,36.592807
3186,野田南広場（指定避難場所）,136.668722,36.535081
3187,野田中央公園（指定避難場所）,136.668722,36.535081
3188,大河端西鷹狩り公園（指定避難場所）,136.639819,36.616044
3189,金沢大学人間社会学域学校教育学類附属特別支援学校（指定避難場所）,136.666093,36.562778
3801,旧野町小学校（指定避難場所）,136.648021,36.552766999999996
4017,犀川緑地（指定避難場所）,136.675823,36.538989
4018,金沢プール（指定避難場所）,136.659445,36.597962
4019,東浅川公民館（指定避難場所）,136.625573,36.594682
7711,野々市小学校,136.6092836,36.53199068
168,御園小学校,136.6045637,36.53766999
169,菅原小学校,136.6159633,36.5253815
170,富陽小学校,136.6040249,36.51308261
171,館野小学校,136.61719250000002,36.54061989
172,野々市中学校,136.60843400000002,36.52462145
173,布水中学校,136.61244299999998,36.53884
10840,金沢工業大学,136.6269851,36.52887252
10841,石川県立大学,136.5971267,36.50741992
10842,野々市明倫高校,136.6008121,36.52583347
178,市民体育館,136.5995347,36.52568118
179,スポーツセンター,136.61218290000002,36.54067979999999
186,交遊舎,136.598634,36.54231939
10914,富奥防災コミュニティセンター,136.6074371338,36.525501541
177,郷公民館,136.5960247,36.53196045
10843,押野公民館,136.6164841,36.5407658
188,防災コミュニティセンター,136.62382209999998,36.5379403
10844,第１コミュニティ消防センター,136.6203707,36.53122608
10845,第２コミュニティ消防センター,136.60485419999998,36.51122931
10938,第３コミュニティ消防センター,136.5955361724,36.5318438743
10846,第４コミュニティ消防防災センター,136.6111547,36.54087234
10847,文化会館フォルテ,136.6078395,36.53186403
10848,女性センター,136.6048247,36.53668727
10849,教育センター,136.6107321,36.529919899999996
10850,スポーツクラブ　ヴィテンののいち,136.6165844,36.5352998
10851,フィットネスクラブ　エイム２１,136.6015518,36.549198100000005
10852,老人福祉センター椿荘,136.61153480000002,36.523404
10854,いきがいセンター矢作,136.6120903,36.523478999999995
10855,いきがいセンター御経塚,136.5994523,36.5429072
10856,特別擁護老人ホーム富樫苑,136.60050800000002,36.5160576
10857,特別養護老人ホームかんじん,136.60978500000002,36.496810100000005
7711,野々市小学校,136.6092836,36.53199068
168,御園小学校,136.6045637,36.53766999
169,菅原小学校,136.6159633,36.5253815
170,富陽小学校,136.6040249,36.51308261
171,館野小学校,136.61719250000002,36.54061989
172,野々市中学校,136.60843400000002,36.52462145
173,布水中学校,136.61244299999998,36.53884
10840,金沢工業大学,136.6269851,36.52887252
10841,石川県立大学,136.5971267,36.50741992
10842,野々市明倫高校,136.6008121,36.52583347
178,市民体育館,136.5995347,36.52568118
179,スポーツセンター,136.61218290000002,36.54067979999999
186,交遊舎,136.598634,36.54231939
10914,富奥防災コミュニティセンター,136.6074371338,36.525501541
177,郷公民館,136.5960247,36.53196045
10843,押野公民館,136.6164841,36.5407658
188,防災コミュニティセンター,136.62382209999998,36.5379403
10844,第１コミュニティ消防センター,136.6203707,36.53122608
10845,第２コミュニティ消防センター,136.60485419999998,36.51122931
10938,第３コミュニティ消防センター,136.5955361724,36.5318438743
10846,第４コミュニティ消防防災センター,136.6111547,36.54087234
10847,文化会館フォルテ,136.6078395,36.53186403
10848,女性センター,136.6048247,36.53668727
10849,教育センター,136.6107321,36.529919899999996
10850,スポーツクラブ　ヴィテンののいち,136.6165844,36.5352998
10851,フィットネスクラブ　エイム２１,136.6015518,36.549198100000005
10852,老人福祉センター椿荘,136.61153480000002,36.523404
10854,いきがいセンター矢作,136.6120903,36.523478999999995
10855,いきがいセンター御経塚,136.5994523,36.5429072
10856,特別擁護老人ホーム富樫苑,136.60050800000002,36.5160576
10857,特別養護老人ホームかんじん,136.60978500000002,36.496810100000005
7711,野々市小学校,136.6092836,36.53199068
168,御園小学校,136.6045637,36.53766999
169,菅原小学校,136.6159633,36.5253815
170,富陽小学校,136.6040249,36.51308261
171,館野小学校,136.61719250000002,36.54061989
172,野々市中学校,136.60843400000002,36.52462145
173,布水中学校,136.61244299999998,36.53884
10840,金沢工業大学,136.6269851,36.52887252
10841,石川県立大学,136.5971267,36.50741992
10842,野々市明倫高校,136.6008121,36.52583347
178,市民体育館,136.5995347,36.52568118
179,スポーツセンター,136.61218290000002,36.54067979999999
186,交遊舎,136.598634,36.54231939
10914,富奥防災コミュニティセンター,136.6074371338,36.525501541
177,郷公民館,136.5960247,36.53196045
10843,押野公民館,136.6164841,36.5407658
188,防災コミュニティセンター,136.62382209999998,36.5379403
10844,第１コミュニティ消防センター,136.6203707,36.53122608
10845,第２コミュニティ消防センター,136.60485419999998,36.51122931
10938,第３コミュニティ消防センター,136.5955361724,36.5318438743
10846,第４コミュニティ消防防災センター,136.6111547,36.54087234
10847,文化会館フォルテ,136.6078395,36.53186403
10848,女性センター,136.6048247,36.53668727
10849,教育センター,136.6107321,36.529919899999996
10850,スポーツクラブ　ヴィテンののいち,136.6165844,36.5352998
10851,フィットネスクラブ　エイム２１,136.6015518,36.549198100000005
10852,老人福祉センター椿荘,136.61153480000002,36.523404
10854,いきがいセンター矢作,136.6120903,36.523478999999995
10855,いきがいセンター御経塚,136.5994523,36.5429072
10856,特別擁護老人ホーム富樫苑,136.60050800000002,36.5160576
10857,特別養護老人ホームかんじん,136.60978500000002,36.496810100000005
